"","PC1","PC2","group","name","condition","sizeFactor"
"SRR2443147",-9.48809368651942,4.53961893584765,"SLE","SRR2443147","SLE",0.557349332693703
"SRR2443148",-23.4823893018132,15.4819735104783,"SLE","SRR2443148","SLE",0.430278857695538
"SRR2443149",-3.31649525515171,-21.2386550826564,"SLE","SRR2443149","SLE",1.18865980496973
"SRR2443150",20.6928741058821,20.7065731892029,"SLE","SRR2443150","SLE",0.837872115990884
"SRR2443151",12.7702211975998,12.6893504668753,"SLE","SRR2443151","SLE",0.676579852419723
"SRR2443152",26.9881562840404,11.5299494678132,"SLE","SRR2443152","SLE",0.775644250391524
"SRR2443153",-1.43437782064197,-18.2964445941413,"SLE","SRR2443153","SLE",1.42623604426352
"SRR2443154",15.5520350909456,-5.17551036512402,"SLE","SRR2443154","SLE",1.18018686580803
"SRR2443155",30.215453934471,4.39266034618445,"SLE","SRR2443155","SLE",1.17505800930376
"SRR2443156",41.9789623803673,17.4408167469823,"SLE","SRR2443156","SLE",1.10001954067032
"SRR2443157",21.6983269418383,-12.6416876515495,"SLE","SRR2443157","SLE",1.27219566829149
"SRR2443158",24.4762662599412,-10.5141832009344,"SLE","SRR2443158","SLE",1.12319563223573
"SRR2443159",12.0926758103558,-13.3013442228451,"SLE","SRR2443159","SLE",0.7285485120748
"SRR2443160",41.0406614790745,10.8234402864894,"SLE","SRR2443160","SLE",0.792048226697195
"SRR2443161",11.4767339958452,-16.2604536048918,"SLE","SRR2443161","SLE",0.999109212287152
"SRR2443162",12.4651704325299,-17.9732087932976,"SLE","SRR2443162","SLE",1.045495072659
"SRR2443163",28.5912831705277,-0.569617570062293,"SLE","SRR2443163","SLE",0.981598836838466
"SRR2443164",5.09923883985726,1.92677666119586,"SLE","SRR2443164","SLE",0.663110580139801
"SRR2443165",25.5788045141314,0.429050711407253,"SLE","SRR2443165","SLE",0.832610968094257
"SRR2443166",3.85767350608832,-19.6449567557851,"SLE","SRR2443166","SLE",1.38672606223141
"SRR2443167",1.41821698507736,-10.3740452433972,"SLE","SRR2443167","SLE",0.86413920635374
"SRR2443168",25.4072212934104,-3.16135944306386,"SLE","SRR2443168","SLE",1.19489056786736
"SRR2443169",25.442781188447,-12.7726031807993,"SLE","SRR2443169","SLE",1.4989439438337
"SRR2443170",10.2431120477894,-4.77735371971955,"SLE","SRR2443170","SLE",1.27443484766867
"SRR2443171",17.7820446843424,-11.3709875727678,"SLE","SRR2443171","SLE",1.32516150448183
"SRR2443172",5.58615404530429,-6.00504499672893,"SLE","SRR2443172","SLE",0.785707807283381
"SRR2443173",30.1453108411533,17.1491070368507,"SLE","SRR2443173","SLE",0.751852891497987
"SRR2443174",8.5881293001631,-15.5592702033111,"SLE","SRR2443174","SLE",1.72980329345741
"SRR2443175",7.369370635405,-1.81319140943733,"SLE","SRR2443175","SLE",1.3738352882136
"SRR2443176",-8.79370017947125,-6.77416511836292,"SLE","SRR2443176","SLE",1.10165439336155
"SRR2443177",-25.2450142956079,-17.710468284105,"SLE","SRR2443177","SLE",1.26462016437415
"SRR2443178",-29.619910299459,-0.312141251556852,"SLE","SRR2443178","SLE",0.855056351091366
"SRR2443179",-33.7421466067086,1.92020752406467,"SLE","SRR2443179","SLE",0.602486834922763
"SRR2443180",-11.0569509957895,12.3689907347615,"SLE","SRR2443180","SLE",0.578538099720969
"SRR2443181",-9.73313930116429,16.695710297227,"SLE","SRR2443181","SLE",0.803674717278641
"SRR2443182",5.11879371512905,-0.231473748175369,"SLE","SRR2443182","SLE",1.11881741368209
"SRR2443183",5.76938127210383,9.37100647549719,"SLE","SRR2443183","SLE",1.52800388312978
"SRR2443184",7.11163236294432,-4.09066130079194,"SLE","SRR2443184","SLE",1.140039291949
"SRR2443185",4.29163706409711,3.87476233977334,"SLE","SRR2443185","SLE",0.942001284717895
"SRR2443186",-5.95089577709858,20.2071270624913,"SLE","SRR2443186","SLE",0.921258064744489
"SRR2443187",-27.44746375651,7.85875399047104,"SLE","SRR2443187","SLE",0.945009765785238
"SRR2443188",-35.4688820477098,-16.2271305559602,"SLE","SRR2443188","SLE",1.63374641683486
"SRR2443189",-12.7179193861051,-9.92051058393971,"SLE","SRR2443189","SLE",1.39317410328286
"SRR2443190",-13.6529416884956,-4.58058823019038,"SLE","SRR2443190","SLE",1.50653713073356
"SRR2443191",6.97525375640638,7.76947171775333,"SLE","SRR2443191","SLE",1.01340647951013
"SRR2443192",-12.8354640664788,15.5624293489345,"SLE","SRR2443192","SLE",0.917298830862139
"SRR2443193",-26.3051287249711,-11.2371276493198,"SLE","SRR2443193","SLE",1.25797592064446
"SRR2443194",16.026789146586,16.6710102969198,"SLE","SRR2443194","SLE",0.967572143929276
"SRR2443195",-40.0164201332156,-13.7745745216515,"SLE","SRR2443195","SLE",1.2066354504101
"SRR2443196",-35.4972649369922,-4.77995094965508,"SLE","SRR2443196","SLE",0.822853366490181
"SRR2443197",-11.935791553919,-8.66540666425589,"SLE","SRR2443197","SLE",0.823744034496175
"SRR2443198",1.57855827967675,6.35273595193263,"SLE","SRR2443198","SLE",0.836379214208211
"SRR2443199",-47.614303698786,3.3160000198245,"SLE","SRR2443199","SLE",0.606297232083816
"SRR2443200",-29.0147449722025,16.3480804341763,"SLE","SRR2443200","SLE",0.681868910457376
"SRR2443201",-3.43803476979564,1.30097692111185,"SLE","SRR2443201","SLE",0.99238543456006
"SRR2443202",-12.4230575603933,5.87139610437742,"SLE","SRR2443202","SLE",0.917208091349256
"SRR2443203",-5.47035551323508,1.1364427921198,"SLE","SRR2443203","SLE",1.15927583805189
"SRR2443204",-22.689463005599,-17.9179456189662,"SLE","SRR2443204","SLE",1.43106348873148
"SRR2443205",-3.18764805035913,20.6359795199725,"SLE","SRR2443205","SLE",0.952235343898955
"SRR2443206",-19.1854042284612,14.7296750437451,"SLE","SRR2443206","SLE",0.8699019019902
"SRR2443207",9.48865368013833,17.5545422874599,"SLE","SRR2443207","SLE",1.07140091687007
"SRR2443208",-13.0439541542186,12.5291856753557,"SLE","SRR2443208","SLE",1.13280795494144
"SRR2443209",-3.84561601779952,6.34732357177893,"SLE","SRR2443209","SLE",1.10248366934855
"SRR2443210",-15.394715547756,10.1981150332785,"SLE","SRR2443210","SLE",0.785494231066625
"SRR2443211",16.8807850983159,26.3104776105849,"SLE","SRR2443211","SLE",0.959781120920967
"SRR2443212",-7.77850950686117,20.5127531464651,"SLE","SRR2443212","SLE",0.942030919114772
"SRR2443213",-23.7127664994189,-15.9019792043796,"SLE","SRR2443213","SLE",1.70614932857749
"SRR2443214",-21.6871903515121,-3.54444139842107,"SLE","SRR2443214","SLE",1.26245893989339
"SRR2443215",-4.19492977203625,18.1828654219234,"SLE","SRR2443215","SLE",0.901764545769868
"SRR2443216",-3.83858426309671,-18.5852357674191,"SLE","SRR2443216","SLE",1.15864493129345
"SRR2443217",-13.0125907215375,-1.70426033855119,"SLE","SRR2443217","SLE",1.04178989837986
"SRR2443218",-17.6681527054332,23.7978290872307,"SLE","SRR2443218","SLE",0.577975180318653
"SRR2443219",16.6953577318734,26.39291605657,"SLE","SRR2443219","SLE",0.723779358021142
"SRR2443220",6.61091872322389,9.79418549240261,"SLE","SRR2443220","SLE",0.819308989306274
"SRR2443221",-28.7278186576301,19.0717899761737,"SLE","SRR2443221","SLE",0.654850366527111
"SRR2443223",21.1711467154535,1.23123393920763,"SLE","SRR2443223","SLE",0.903695806260493
"SRR2443226",-19.8262263100371,-5.28541354165946,"SLE","SRR2443226","SLE",1.36118501857621
"SRR2443227",-16.4334529765686,-22.2201362255135,"SLE","SRR2443227","SLE",1.5879463592487
"SRR2443228",-30.7192035529829,15.1519092073154,"SLE","SRR2443228","SLE",0.691366241273065
"SRR2443229",-15.7847738639506,0.195612304342821,"SLE","SRR2443229","SLE",1.23395688670533
"SRR2443230",28.1979949178447,6.17385744363079,"SLE","SRR2443230","SLE",1.71993158955023
"SRR2443231",-8.53666721885783,-21.2206276498829,"SLE","SRR2443231","SLE",1.62461143728411
"SRR2443232",-6.56714068177803,-8.54775410614161,"SLE","SRR2443232","SLE",1.41786499095516
"SRR2443233",-15.8234641713117,-2.51392739022606,"SLE","SRR2443233","SLE",1.48544036882474
"SRR2443234",-6.89747605827264,-4.66338445432982,"SLE","SRR2443234","SLE",1.55997092634855
"SRR2443235",-11.2861549442346,0.988222770059608,"SLE","SRR2443235","SLE",1.40150346503365
"SRR2443236",-12.3155042168495,14.023280692943,"SLE","SRR2443236","SLE",1.22952639335434
"SRR2443237",-2.34708467963747,23.0229813203061,"SLE","SRR2443237","SLE",1.01031084015511
"SRR2443238",-27.1957548890468,6.0816938969189,"SLE","SRR2443238","SLE",1.29372340591416
"SRR2443239",14.4661561275233,22.5323433788344,"SLE","SRR2443239","SLE",0.865635342265081
"SRR2443240",3.29180536579354,16.6752917465986,"SLE","SRR2443240","SLE",1.08599787370285
"SRR2443241",6.23981370337042,10.3669007035763,"SLE","SRR2443241","SLE",1.07217208855559
"SRR2443242",-23.2795789208977,-4.34581605633608,"SLE","SRR2443242","SLE",0.971830662869786
"SRR2443243",-32.3360441901025,-16.6873829274717,"SLE","SRR2443243","SLE",1.31208355113196
"SRR2443244",0.160701774566452,13.2908635425658,"SLE","SRR2443244","SLE",0.866488071743408
"SRR2443245",-11.3241674609999,-1.94971088256055,"SLE","SRR2443245","SLE",1.31774920409164
"SRR2443246",22.3217845544496,-10.6799979574372,"Control","SRR2443246","Control",1.25617298136189
"SRR2443247",16.5518609769138,-14.9757171511776,"Control","SRR2443247","Control",1.41843727670183
"SRR2443248",26.3288112614517,-0.355466556262072,"Control","SRR2443248","Control",0.908109746958162
"SRR2443249",13.3864244947021,-13.1663099466539,"Control","SRR2443249","Control",0.741470913923142
"SRR2443250",23.3606914524759,-6.71361264885385,"Control","SRR2443250","Control",0.711339764026223
"SRR2443251",11.0001255190536,-11.5084851044972,"Control","SRR2443251","Control",0.870034870162959
"SRR2443252",17.3648296245896,-8.34496420647441,"Control","SRR2443252","Control",1.04866122731757
"SRR2443253",11.8713936240294,-15.2784397597819,"Control","SRR2443253","Control",0.582000749993644
"SRR2443254",27.0945080873322,-5.90696178900732,"Control","SRR2443254","Control",0.990521610593233
"SRR2443255",8.08985113788605,-17.6173363042792,"Control","SRR2443255","Control",1.03046416420324
"SRR2443256",12.7570935247193,-22.6970669057887,"Control","SRR2443256","Control",1.09194800406091
"SRR2443257",10.2361461263599,-5.10599577763225,"Control","SRR2443257","Control",0.703767437936332
"SRR2443258",19.3457873954695,-17.1538669673022,"Control","SRR2443258","Control",1.21551201981522
"SRR2443259",8.70821049124176,-19.6682674858072,"Control","SRR2443259","Control",1.13524268558971
"SRR2443260",14.5564395057457,-13.8274589979152,"Control","SRR2443260","Control",1.04342962225137
"SRR2443261",25.7897596085098,-7.9180902340278,"Control","SRR2443261","Control",0.814206655920779
"SRR2443262",23.2116981710234,-6.59004468693129,"Control","SRR2443262","Control",0.742226325899872
"SRR2443263",17.7292960116926,-2.11579577431366,"Control","SRR2443263","Control",1.06298156645431
"SRR2443222",-10.2218919698299,35.080062101659,"SLE","SRR2443222","SLE",0.607504671419758
"SRR2443224",7.0808997354886,6.47874465651866,"SLE","SRR2443224","SLE",0.994120572048444
"SRR2443225",-28.8550537874567,-16.6190447137026,"SLE","SRR2443225","SLE",0.942122851983165
